{
    "dangerous_attacks": 0.3270000000000002,
    "shots_on_target": 1.123999999999995,
    "shots_off_target": 0.4,
    "corners": 0.3
}