{
    "dangerous_attacks": 0.14200000000000002,
    "shots_on_target": 1.0289999999999988,
    "shots_off_target": 0.4,
    "corners": 0.3
}