{
    "dangerous_attacks": 0.3235000000000002,
    "shots_on_target": 1.1199999999999954,
    "shots_off_target": 0.4,
    "corners": 0.3
}